<?xml version="1.0" encoding="UTF-8"?>
<GenRun Id="impl_1" LaunchPart="xc7a35tcpg236-1" LaunchTime="1745571336">
  <File Type="ROUTE-PWR" Name="loopback_wrapper_power_routed.rpt"/>
  <File Type="PA-TCL" Name="loopback_wrapper.tcl"/>
  <File Type="ROUTE-PWR-SUM" Name="loopback_wrapper_power_summary_routed.pb"/>
  <File Type="REPORTS-TCL" Name="loopback_wrapper_reports.tcl"/>
  <File Type="BITSTR-MSK" Name="loopback_wrapper.msk"/>
  <File Type="ROUTE-CLK" Name="loopback_wrapper_clock_utilization_routed.rpt"/>
  <File Type="RDI-RDI" Name="loopback_wrapper.vdi"/>
  <File Type="BG-BIT" Name="loopback_wrapper.bit"/>
  <File Type="BG-DRC" Name="loopback_wrapper.drc"/>
  <File Type="BG-BGN" Name="loopback_wrapper.bgn"/>
  <File Type="BG-BIN" Name="loopback_wrapper.bin"/>
  <File Type="BITSTR-RBT" Name="loopback_wrapper.rbt"/>
  <File Type="BITSTR-NKY" Name="loopback_wrapper.nky"/>
  <File Type="BITSTR-BMM" Name="loopback_wrapper_bd.bmm"/>
  <File Type="ROUTE-METHODOLOGY-DRC" Name="loopback_wrapper_methodology_drc_routed.rpt"/>
  <File Type="BITSTR-MMI" Name="loopback_wrapper.mmi"/>
  <File Type="BITSTR-SYSDEF" Name="loopback_wrapper.sysdef"/>
  <File Type="BITSTR-LTX" Name="debug_nets.ltx"/>
  <File Type="BITSTR-LTX" Name="loopback_wrapper.ltx"/>
  <File Type="WBT-USG" Name="usage_statistics_webtalk.html"/>
  <File Type="OPT-DRC" Name="loopback_wrapper_drc_opted.rpt"/>
  <File Type="OPT-HWDEF" Name="loopback_wrapper.hwdef"/>
  <File Type="PLACE-IO" Name="loopback_wrapper_io_placed.rpt"/>
  <File Type="PLACE-UTIL" Name="loopback_wrapper_utilization_placed.rpt"/>
  <File Type="PLACE-UTIL-PB" Name="loopback_wrapper_utilization_placed.pb"/>
  <File Type="PLACE-CTRL" Name="loopback_wrapper_control_sets_placed.rpt"/>
  <File Type="PLACE-PRE-SIMILARITY" Name="loopback_wrapper_incremental_reuse_pre_placed.rpt"/>
  <File Type="ROUTE-DRC" Name="loopback_wrapper_drc_routed.rpt"/>
  <File Type="ROUTE-DRC-PB" Name="loopback_wrapper_drc_routed.pb"/>
  <File Type="ROUTE-PWR-RPX" Name="loopback_wrapper_power_routed.rpx"/>
  <File Type="ROUTE-STATUS" Name="loopback_wrapper_route_status.rpt"/>
  <File Type="ROUTE-STATUS-PB" Name="loopback_wrapper_route_status.pb"/>
  <File Type="ROUTE-DCP" Name="loopback_wrapper_routed.dcp"/>
  <File Type="ROUTE-ERROR-DCP" Name="loopback_wrapper_routed_error.dcp"/>
  <File Type="ROUTE-BLACKBOX-DCP" Name="loopback_wrapper_routed_bb.dcp"/>
  <File Type="ROUTE-TIMINGSUMMARY" Name="loopback_wrapper_timing_summary_routed.rpt"/>
  <File Type="ROUTE-TIMING-PB" Name="loopback_wrapper_timing_summary_routed.pb"/>
  <File Type="ROUTE-TIMING-RPX" Name="loopback_wrapper_timing_summary_routed.rpx"/>
  <File Type="ROUTE-BUS-SKEW" Name="loopback_wrapper_bus_skew_routed.rpt"/>
  <File Type="ROUTE-BUS-SKEW-PB" Name="loopback_wrapper_bus_skew_routed.pb"/>
  <File Type="ROUTE-BUS-SKEW-RPX" Name="loopback_wrapper_bus_skew_routed.rpx"/>
  <File Type="OPT-DCP" Name="loopback_wrapper_opt.dcp"/>
  <File Type="PLACE-DCP" Name="loopback_wrapper_placed.dcp"/>
  <File Type="PWROPT-DCP" Name="loopback_wrapper_pwropt.dcp"/>
  <File Type="POSTPLACE-PWROPT-DCP" Name="loopback_wrapper_postplace_pwropt.dcp"/>
  <File Type="PHYSOPT-DCP" Name="loopback_wrapper_physopt.dcp"/>
  <File Type="POSTROUTE-PHYSOPT-DCP" Name="loopback_wrapper_postroute_physopt.dcp"/>
  <File Type="POSTROUTE-PHYSOPT-BLACKBOX-DCP" Name="loopback_wrapper_postroute_physopt_bb.dcp"/>
  <File Type="ROUTE-METHODOLOGY-DRC-PB" Name="loopback_wrapper_methodology_drc_routed.pb"/>
  <File Type="ROUTE-DRC-RPX" Name="loopback_wrapper_drc_routed.rpx"/>
  <File Type="ROUTE-METHODOLOGY-DRC-RPX" Name="loopback_wrapper_methodology_drc_routed.rpx"/>
  <File Type="PDI-FILE" Name="loopback_wrapper.pdi"/>
  <File Type="RCFI_FILE" Name="loopback_wrapper.rcfi"/>
  <File Type="CFI_FILE" Name="loopback_wrapper.cfi"/>
  <File Type="RNPI_FILE" Name="loopback_wrapper.rnpi"/>
  <File Type="NPI_FILE" Name="loopback_wrapper.npi"/>
  <File Type="RBD_FILE" Name="loopback_wrapper.rbd"/>
  <FileSet Name="sources" Type="DesignSrcs" RelSrcDir="$PSRCDIR/sources_1" RelGenDir="$PGENDIR/sources_1">
    <Filter Type="Srcs"/>
    <File Path="$PSRCDIR/sources_1/imports/LAB2/src/packetizer.vhd">
      <FileInfo>
        <Attr Name="ImportPath" Val="$PPRDIR/../../../../../../src/packetizer.vhd"/>
        <Attr Name="ImportTime" Val="1745570616"/>
        <Attr Name="UsedIn" Val="synthesis"/>
        <Attr Name="UsedIn" Val="simulation"/>
      </FileInfo>
    </File>
    <File Path="$PSRCDIR/sources_1/imports/LAB2/src/depacketizer.vhd">
      <FileInfo>
        <Attr Name="ImportPath" Val="$PPRDIR/../../../../../../src/depacketizer.vhd"/>
        <Attr Name="ImportTime" Val="1745570616"/>
        <Attr Name="UsedIn" Val="synthesis"/>
        <Attr Name="UsedIn" Val="simulation"/>
      </FileInfo>
    </File>
    <File Path="$PSRCDIR/sources_1/bd/loopback/loopback.bd">
      <FileInfo>
        <Attr Name="ImportPath" Val="$PPRDIR/../../../../../../design/loopback/loopback.bd"/>
        <Attr Name="ImportTime" Val="1745571894"/>
        <Attr Name="UsedIn" Val="synthesis"/>
        <Attr Name="UsedIn" Val="implementation"/>
        <Attr Name="UsedIn" Val="simulation"/>
      </FileInfo>
    </File>
    <File Path="$PSRCDIR/sources_1/imports/LAB2/design/loopback/hdl/loopback_wrapper.vhd">
      <FileInfo>
        <Attr Name="ImportPath" Val="$PPRDIR/../../../../../../design/loopback/hdl/loopback_wrapper.vhd"/>
        <Attr Name="ImportTime" Val="1745571151"/>
        <Attr Name="UsedIn" Val="synthesis"/>
        <Attr Name="UsedIn" Val="simulation"/>
      </FileInfo>
    </File>
    <Config>
      <Option Name="DesignMode" Val="RTL"/>
      <Option Name="TopModule" Val="loopback_wrapper"/>
      <Option Name="TopAutoSet" Val="TRUE"/>
    </Config>
  </FileSet>
  <FileSet Name="constrs_in" Type="Constrs" RelSrcDir="$PSRCDIR/constrs_1">
    <Filter Type="Constrs"/>
    <Config>
      <Option Name="ConstrsType" Val="XDC"/>
    </Config>
  </FileSet>
  <FileSet Name="utils" Type="Utils" RelSrcDir="$PSRCDIR/utils_1">
    <Filter Type="Utils"/>
    <Config>
      <Option Name="TopAutoSet" Val="TRUE"/>
    </Config>
  </FileSet>
  <Strategy Version="1" Minor="2">
    <StratHandle Name="Vivado Implementation Defaults" Flow="Vivado Implementation 2020"/>
    <Step Id="init_design"/>
    <Step Id="opt_design"/>
    <Step Id="power_opt_design"/>
    <Step Id="place_design"/>
    <Step Id="post_place_power_opt_design"/>
    <Step Id="phys_opt_design"/>
    <Step Id="route_design"/>
    <Step Id="post_route_phys_opt_design"/>
    <Step Id="write_bitstream"/>
    <Step Id="write_device_image"/>
  </Strategy>
  <BlockFileSet Type="BlockSrcs" Name="loopback_proc_sys_reset_0_0"/>
  <BlockFileSet Type="BlockSrcs" Name="loopback_clk_wiz_0_0"/>
  <BlockFileSet Type="BlockSrcs" Name="loopback_AXI4Stream_UART_0_0"/>
  <BlockFileSet Type="BlockSrcs" Name="loopback_packetizer_0_0"/>
  <BlockFileSet Type="BlockSrcs" Name="loopback_depacketizer_0_0"/>
</GenRun>
