<?xml version="1.0" encoding="UTF-8"?>
<GenRun Id="synth_1" LaunchPart="xc7a35tcpg236-1" LaunchTime="1745571336">
  <File Type="PA-TCL" Name="loopback_wrapper.tcl"/>
  <File Type="REPORTS-TCL" Name="loopback_wrapper_reports.tcl"/>
  <File Type="RDS-RDS" Name="loopback_wrapper.vds"/>
  <File Type="RDS-UTIL" Name="loopback_wrapper_utilization_synth.rpt"/>
  <File Type="RDS-UTIL-PB" Name="loopback_wrapper_utilization_synth.pb"/>
  <File Type="RDS-DCP" Name="loopback_wrapper.dcp"/>
  <FileSet Name="sources" Type="DesignSrcs" RelSrcDir="$PSRCDIR/sources_1" RelGenDir="$PGENDIR/sources_1">
    <Filter Type="Srcs"/>
    <File Path="$PSRCDIR/sources_1/imports/LAB2/src/packetizer.vhd">
      <FileInfo>
        <Attr Name="ImportPath" Val="$PPRDIR/../../../../../../src/packetizer.vhd"/>
        <Attr Name="ImportTime" Val="1745570616"/>
        <Attr Name="UsedIn" Val="synthesis"/>
        <Attr Name="UsedIn" Val="simulation"/>
      </FileInfo>
    </File>
    <File Path="$PSRCDIR/sources_1/imports/LAB2/src/depacketizer.vhd">
      <FileInfo>
        <Attr Name="ImportPath" Val="$PPRDIR/../../../../../../src/depacketizer.vhd"/>
        <Attr Name="ImportTime" Val="1745570616"/>
        <Attr Name="UsedIn" Val="synthesis"/>
        <Attr Name="UsedIn" Val="simulation"/>
      </FileInfo>
    </File>
    <File Path="$PSRCDIR/sources_1/bd/loopback/loopback.bd">
      <FileInfo>
        <Attr Name="ImportPath" Val="$PPRDIR/../../../../../../design/loopback/loopback.bd"/>
        <Attr Name="ImportTime" Val="1745571894"/>
        <Attr Name="UsedIn" Val="synthesis"/>
        <Attr Name="UsedIn" Val="implementation"/>
        <Attr Name="UsedIn" Val="simulation"/>
      </FileInfo>
    </File>
    <File Path="$PSRCDIR/sources_1/imports/LAB2/design/loopback/hdl/loopback_wrapper.vhd">
      <FileInfo>
        <Attr Name="ImportPath" Val="$PPRDIR/../../../../../../design/loopback/hdl/loopback_wrapper.vhd"/>
        <Attr Name="ImportTime" Val="1745571151"/>
        <Attr Name="UsedIn" Val="synthesis"/>
        <Attr Name="UsedIn" Val="simulation"/>
      </FileInfo>
    </File>
    <Config>
      <Option Name="DesignMode" Val="RTL"/>
      <Option Name="TopModule" Val="loopback_wrapper"/>
      <Option Name="TopAutoSet" Val="TRUE"/>
    </Config>
  </FileSet>
  <FileSet Name="constrs_in" Type="Constrs" RelSrcDir="$PSRCDIR/constrs_1">
    <Filter Type="Constrs"/>
    <Config>
      <Option Name="ConstrsType" Val="XDC"/>
    </Config>
  </FileSet>
  <FileSet Name="utils" Type="Utils" RelSrcDir="$PSRCDIR/utils_1">
    <Filter Type="Utils"/>
    <Config>
      <Option Name="TopAutoSet" Val="TRUE"/>
    </Config>
  </FileSet>
  <Strategy Version="1" Minor="2">
    <StratHandle Name="Vivado Synthesis Defaults" Flow="Vivado Synthesis 2020"/>
    <Step Id="synth_design"/>
  </Strategy>
  <BlockFileSet Type="BlockSrcs" Name="loopback_proc_sys_reset_0_0"/>
  <BlockFileSet Type="BlockSrcs" Name="loopback_clk_wiz_0_0"/>
  <BlockFileSet Type="BlockSrcs" Name="loopback_AXI4Stream_UART_0_0"/>
  <BlockFileSet Type="BlockSrcs" Name="loopback_packetizer_0_0"/>
  <BlockFileSet Type="BlockSrcs" Name="loopback_depacketizer_0_0"/>
</GenRun>
